x_m,y_m
1.141217,0.171217
1.199824,0.100591
1.267306,0.036177
1.342651,-0.021793
1.424849,-0.073088
1.512886,-0.117478
1.605752,-0.154731
1.702434,-0.184616
1.801922,-0.206903
1.903203,-0.221360
2.005266,-0.227757
2.107188,-0.225949
2.208607,-0.216353
2.309382,-0.199600
2.409374,-0.176325
2.508443,-0.147164
2.606448,-0.112748
2.703249,-0.073714
2.798707,-0.030695
2.892681,0.015676
2.985032,0.064762
3.075619,0.115932
3.164302,0.168549
3.251004,0.222087
3.335866,0.276385
3.419076,0.331363
3.500821,0.386939
3.581289,0.443034
3.660669,0.499566
3.739148,0.556456
3.816913,0.613622
3.894154,0.670984
3.971057,0.728461
4.047810,0.785974
4.124602,0.843440
4.201620,0.900781
4.279052,0.957914
4.357086,1.014760
4.435910,1.071238
4.515711,1.127267
4.596678,1.182767
4.678999,1.237658
4.762860,1.291858
4.848451,1.345287
4.935958,1.397864
5.025570,1.449510
5.117475,1.500142
5.211752,1.549630
5.308152,1.597682
5.406364,1.643979
5.506080,1.688201
5.606987,1.730029
5.708776,1.769143
5.811136,1.805223
5.913757,1.837950
6.016329,1.867004
6.118541,1.892065
6.220082,1.912814
6.320643,1.928932
6.419913,1.940097
6.517581,1.945991
6.613337,1.946295
6.706872,1.940688
6.797873,1.928851
6.886032,1.910463
6.971037,1.885207
7.052579,1.852761
7.130346,1.812807
7.204029,1.765023
7.273316,1.709092
7.337884,1.644783
7.397271,1.572674
7.450945,1.493768
7.498376,1.409074
7.539030,1.319601
7.572376,1.226356
7.597882,1.130348
7.615014,1.032584
7.623242,0.934074
7.622033,0.835825
7.610855,0.738846
7.589248,0.644093
7.557565,0.551952
7.516675,0.462444
7.467453,0.375584
7.410775,0.291389
7.347518,0.209875
7.278558,0.131059
7.204770,0.054955
7.127030,-0.018420
7.046216,-0.089050
6.963202,-0.156919
6.878864,-0.222011
6.794079,-0.284309
6.709576,-0.343844
6.625416,-0.400851
6.541472,-0.455623
6.457617,-0.508455
6.373725,-0.559640
6.289667,-0.609472
6.205319,-0.658244
6.120552,-0.706251
6.035240,-0.753786
5.949255,-0.801143
5.862471,-0.848615
5.774762,-0.896497
5.686098,-0.945072
5.596860,-0.994579
5.507534,-1.045248
5.418603,-1.097307
5.330554,-1.150985
5.243870,-1.206511
5.159037,-1.264113
5.076540,-1.324021
4.996863,-1.386463
4.920492,-1.451668
4.847911,-1.519865
4.779605,-1.591282
4.715992,-1.666054
4.657270,-1.744014
4.603599,-1.824939
4.555136,-1.908605
4.512039,-1.994786
4.474467,-2.083259
4.442577,-2.173799
4.416528,-2.266181
4.396478,-2.360183
4.382584,-2.455579
4.375005,-2.552144
4.373881,-2.649656
4.379035,-2.747913
4.390021,-2.846727
4.406384,-2.945915
4.427670,-3.045290
4.453424,-3.144669
4.483191,-3.243866
4.516517,-3.342695
4.552947,-3.440972
4.592027,-3.538513
4.633302,-3.635130
4.676316,-3.730640
4.720616,-3.824858
4.765772,-3.917618
4.811593,-4.008940
4.858016,-4.098943
4.904982,-4.187751
4.952429,-4.275483
5.000298,-4.362262
5.048528,-4.448210
5.097058,-4.533447
5.145828,-4.618096
5.194778,-4.702278
5.243847,-4.786115
5.292975,-4.869727
5.342102,-4.953237
5.391166,-5.036767
5.440108,-5.120437
5.488866,-5.204369
5.537382,-5.288685
5.585593,-5.373507
5.633440,-5.458956
5.680863,-5.545153
5.727800,-5.632220
5.774192,-5.720279
5.819978,-5.809452
5.865098,-5.899858
5.909505,-5.991599
5.953279,-6.084575
5.996562,-6.178591
6.039496,-6.273449
6.082225,-6.368953
6.124891,-6.464905
6.167636,-6.561109
6.210603,-6.657366
6.253936,-6.753480
6.297775,-6.849254
6.342265,-6.944491
6.387547,-7.038993
6.433765,-7.132563
6.481061,-7.225005
6.529577,-7.316121
6.579457,-7.405713
6.630843,-7.493586
6.683877,-7.579541
6.738703,-7.663382
6.795462,-7.744912
6.854298,-7.823932
6.915353,-7.900247
6.978769,-7.973659
7.044691,-8.043971
7.113259,-8.110986
7.184587,-8.174532
7.258609,-8.234593
7.335193,-8.291209
7.414208,-8.344420
7.495522,-8.394266
7.579004,-8.440787
7.664522,-8.484022
7.751946,-8.524013
7.841142,-8.560799
7.931980,-8.594419
8.024329,-8.624915
8.118056,-8.652325
8.213030,-8.676691
8.309120,-8.698052
8.406194,-8.716448
8.504121,-8.731919
8.602769,-8.744505
8.702006,-8.754247
8.801702,-8.761183
8.901724,-8.765355
9.001941,-8.766803
9.102221,-8.765565
9.202433,-8.761683
9.302447,-8.755196
9.402173,-8.746167
9.501607,-8.734699
9.600752,-8.720900
9.699612,-8.704878
9.798190,-8.686742
9.896491,-8.666598
9.994517,-8.644556
10.092274,-8.620722
10.189763,-8.595207
10.286990,-8.568116
10.383957,-8.539559
10.480669,-8.509644
10.577129,-8.478478
10.673341,-8.446170
10.769308,-8.412827
10.865034,-8.378558
10.960523,-8.343471
11.055779,-8.307674
11.150805,-8.271274
11.245605,-8.234381
11.340182,-8.197101
11.434541,-8.159543
11.528685,-8.121816
11.622618,-8.084026
11.716349,-8.046251
11.809899,-8.008520
11.903289,-7.970858
11.996538,-7.933290
12.089669,-7.895841
12.182701,-7.858535
12.275656,-7.821397
12.368554,-7.784453
12.461416,-7.747727
12.554263,-7.711243
12.647116,-7.675028
12.739994,-7.639105
12.832920,-7.603499
12.925913,-7.568236
13.018995,-7.533340
13.112186,-7.498836
13.205508,-7.464749
13.298980,-7.431104
13.392624,-7.397925
13.486460,-7.365238
13.580509,-7.333067
13.674792,-7.301437
13.769330,-7.270373
13.864143,-7.239899
13.959231,-7.209999
14.054567,-7.180597
14.150120,-7.151615
14.245859,-7.122972
14.341755,-7.094589
14.437777,-7.066386
14.533895,-7.038284
14.630078,-7.010203
14.726296,-6.982064
14.822518,-6.953786
14.918714,-6.925291
15.014855,-6.896498
15.110908,-6.867328
15.206845,-6.837702
15.302634,-6.807540
15.398246,-6.776762
15.493650,-6.745288
15.588815,-6.713040
15.683711,-6.679937
15.778308,-6.645900
15.872576,-6.610849
15.966483,-6.574705
16.060001,-6.537387
16.153097,-6.498817
16.245742,-6.458916
16.337886,-6.417629
16.429454,-6.374933
16.520371,-6.330809
16.610561,-6.285235
16.699947,-6.238192
16.788455,-6.189658
16.876008,-6.139614
16.962531,-6.088038
17.047948,-6.034911
17.132183,-5.980212
17.215160,-5.923920
17.296804,-5.866016
17.377038,-5.806477
17.455787,-5.745285
17.532976,-5.682418
17.608527,-5.617857
17.682366,-5.551580
17.754417,-5.483567
17.824603,-5.413798
17.892850,-5.342252
17.959081,-5.268909
18.023220,-5.193749
18.085192,-5.116750
18.144923,-5.037895
18.202385,-4.957216
18.257589,-4.874792
18.310551,-4.790704
18.361285,-4.705033
18.409804,-4.617858
18.456125,-4.529262
18.500260,-4.439324
18.542225,-4.348126
18.582033,-4.255748
18.619700,-4.162272
18.655239,-4.067777
18.688665,-3.972344
18.719993,-3.876055
18.749236,-3.778989
18.776409,-3.681229
18.801527,-3.582854
18.824604,-3.483945
18.845654,-3.384583
18.864691,-3.284849
18.881731,-3.184824
18.896787,-3.084587
18.909874,-2.984221
18.921007,-2.883805
18.930198,-2.783421
18.937465,-2.683145
18.942835,-2.583010
18.946343,-2.483019
18.948026,-2.383174
18.947918,-2.283479
18.946057,-2.183936
18.942477,-2.084547
18.937215,-1.985316
18.930307,-1.886246
18.921787,-1.787338
18.911693,-1.688595
18.900059,-1.590022
18.886922,-1.491619
18.872318,-1.393390
18.856282,-1.295338
18.838851,-1.197464
18.820059,-1.099773
18.799943,-1.002267
18.778539,-0.904948
18.755882,-0.807819
18.732008,-0.710883
18.706954,-0.614143
18.680755,-0.517601
18.653446,-0.421260
18.625064,-0.325122
18.595644,-0.229191
18.565223,-0.133470
18.533836,-0.037960
18.501518,0.057335
18.468306,0.152413
18.434236,0.247270
18.399343,0.341905
18.363664,0.436314
18.327233,0.530495
18.290087,0.624445
18.252262,0.718161
18.213793,0.811641
18.174717,0.904882
18.135069,0.997881
18.094884,1.090635
18.054200,1.183142
18.013051,1.275399
17.971473,1.367403
17.929503,1.459152
17.887176,1.550642
17.844528,1.641872
17.801594,1.732838
17.758411,1.823538
17.715014,1.913968
17.671437,2.004128
17.627694,2.094032
17.583787,2.183698
17.539722,2.273148
17.495502,2.362401
17.451130,2.451477
17.406611,2.540396
17.361949,2.629179
17.317146,2.717846
17.272208,2.806416
17.227138,2.894909
17.181939,2.983346
17.136616,3.071747
17.091172,3.160132
17.045612,3.248521
16.999939,3.336933
16.954156,3.425390
16.908268,3.513911
16.862279,3.602516
16.816193,3.691225
16.770012,3.780059
16.723742,3.869037
16.677385,3.958179
16.630946,4.047506
16.584420,4.137027
16.537731,4.226668
16.490775,4.316318
16.443446,4.405865
16.395639,4.495200
16.347246,4.584209
16.298164,4.672783
16.248285,4.760810
16.197505,4.848178
16.145718,4.934777
16.092817,5.020495
16.038698,5.105222
15.983254,5.188845
15.926381,5.271253
15.867971,5.352336
15.807920,5.431982
15.746121,5.510080
15.682470,5.586519
15.616860,5.661187
15.549186,5.733973
15.479341,5.804766
15.407221,5.873455
15.332719,5.939929
15.255730,6.004075
15.176179,6.065747
15.094149,6.124591
15.009781,6.180189
14.923214,6.232120
14.834588,6.279966
14.744042,6.323306
14.651714,6.361720
14.557746,6.394790
14.462276,6.422095
14.365443,6.443217
14.267388,6.457734
14.168249,6.465229
14.068255,6.465468
13.967851,6.458673
13.867511,6.445128
13.767710,6.425119
13.668925,6.398933
13.571630,6.366856
13.476301,6.329173
13.383413,6.286171
13.293442,6.238136
13.206862,6.185353
13.124149,6.128109
13.045764,6.066687
12.971899,6.001329
12.902498,5.932235
12.837499,5.859607
12.776839,5.783643
12.720456,5.704545
12.668286,5.622512
12.620266,5.537745
12.576335,5.450444
12.536429,5.360810
12.500485,5.269041
12.468441,5.175340
12.440234,5.079906
12.415800,4.982938
12.395078,4.884638
12.378004,4.785206
12.364515,4.684841
12.354550,4.583744
12.348044,4.482116
12.344935,4.380156
12.345161,4.278065
12.348659,4.176043
12.355365,4.074290
12.365217,3.973006
12.378153,3.872392
12.394100,3.772617
12.412952,3.673704
12.434588,3.575632
12.458888,3.478380
12.485732,3.381925
12.514999,3.286247
12.546571,3.191324
12.580326,3.097134
12.616146,3.003656
12.653909,2.910869
12.693496,2.818750
12.734787,2.727280
12.777662,2.636436
12.822001,2.546196
12.867683,2.456539
12.914590,2.367445
12.962600,2.278891
13.011594,2.190855
13.061452,2.103317
13.112054,2.016255
13.163279,1.929648
13.215008,1.843473
13.267122,1.757710
13.319498,1.672337
13.372035,1.587328
13.424690,1.502640
13.477436,1.418224
13.530245,1.334033
13.583089,1.250020
13.635941,1.166136
13.688774,1.082335
13.741559,0.998568
13.794269,0.914787
13.846877,0.830946
13.899354,0.746995
13.951675,0.662889
14.003810,0.578578
14.055732,0.494016
14.107414,0.409154
14.158828,0.323946
14.209946,0.238342
14.260742,0.152296
14.311187,0.065761
14.361254,-0.021313
14.410915,-0.108972
14.460142,-0.197264
14.508909,-0.286237
14.557187,-0.375939
14.604914,-0.466398
14.651905,-0.557585
14.697949,-0.649453
14.742838,-0.741960
14.786360,-0.835061
14.828305,-0.928711
14.868464,-1.022867
14.906626,-1.117483
14.942582,-1.212515
14.976121,-1.307919
15.007032,-1.403651
15.035107,-1.499667
15.060134,-1.595921
15.081904,-1.692370
15.100207,-1.788969
15.114832,-1.885674
15.125570,-1.982441
15.132209,-2.079225
15.134541,-2.175981
15.132355,-2.272667
15.125440,-2.369236
15.113588,-2.465645
15.096587,-2.561850
15.074229,-2.657805
15.046443,-2.753393
15.013413,-2.848364
14.975347,-2.942455
14.932455,-3.035400
14.884948,-3.126937
14.833036,-3.216800
14.776927,-3.304726
14.716833,-3.390451
14.652963,-3.473710
14.585526,-3.554240
14.514733,-3.631777
14.440793,-3.706055
14.363917,-3.776812
14.284314,-3.843784
14.202194,-3.906705
14.117767,-3.965312
14.031242,-4.019341
13.942830,-4.068529
13.852741,-4.112609
13.761184,-4.151320
13.668369,-4.184396
13.574506,-4.211573
13.479804,-4.232588
13.384475,-4.247177
13.288728,-4.255111
13.192781,-4.256469
13.096853,-4.251477
13.001166,-4.240361
12.905939,-4.223348
12.811394,-4.200666
12.717750,-4.172540
12.625229,-4.139199
12.534049,-4.100869
12.444433,-4.057777
12.356599,-4.010150
12.270770,-3.958215
12.187164,-3.902199
12.106002,-3.842328
12.027506,-3.778830
11.951895,-3.711932
11.879389,-3.641860
11.810209,-3.568842
11.744576,-3.493105
11.682710,-3.414874
11.624831,-3.334379
11.571159,-3.251844
11.521916,-3.167498
11.477318,-3.081565
11.437407,-2.994204
11.401982,-2.905474
11.370821,-2.815428
11.343700,-2.724119
11.320398,-2.631601
11.300693,-2.537925
11.284364,-2.443145
11.271187,-2.347314
11.260941,-2.250484
11.253404,-2.152709
11.248354,-2.054041
11.245568,-1.954533
11.244826,-1.854239
11.245904,-1.753210
11.248580,-1.651500
11.252634,-1.549162
11.257842,-1.446249
11.263982,-1.342813
11.270833,-1.238908
11.278173,-1.134586
11.285779,-1.029900
11.293429,-0.924903
11.300902,-0.819648
11.307977,-0.714188
11.314478,-0.608591
11.320275,-0.502940
11.325238,-0.397316
11.329238,-0.291803
11.332146,-0.186482
11.333834,-0.081438
11.334173,0.023248
11.333032,0.127493
11.330284,0.231215
11.325799,0.334330
11.319448,0.436756
11.311102,0.538410
11.300633,0.639210
11.287911,0.739073
11.272807,0.837916
11.255192,0.935657
11.234937,1.032213
11.211914,1.127502
11.185993,1.221440
11.157045,1.313945
11.124941,1.404934
11.089552,1.494326
11.050749,1.582036
11.008413,1.667985
10.962560,1.752128
10.913309,1.834447
10.860783,1.914925
10.805105,1.993544
10.746395,2.070287
10.684778,2.145137
10.620374,2.218077
10.553306,2.289088
10.483696,2.358155
10.411668,2.425259
10.337342,2.490383
10.260841,2.553510
10.182287,2.614623
10.101803,2.673703
10.019511,2.730735
9.935532,2.785701
9.849990,2.838583
9.763007,2.889363
9.674704,2.938026
9.585204,2.984553
9.494630,3.028927
9.403103,3.071130
9.310746,3.111147
9.217681,3.148958
9.124019,3.184553
9.029805,3.217957
8.935061,3.249206
8.839809,3.278340
8.744069,3.305395
8.647863,3.330409
8.551212,3.353420
8.454137,3.374465
8.356661,3.393583
8.258804,3.410810
8.160587,3.426185
8.062032,3.439745
7.963160,3.451528
7.863993,3.461572
7.764551,3.469914
7.664857,3.476592
7.564931,3.481643
7.464795,3.485106
7.364471,3.487018
7.263978,3.487416
7.163340,3.486339
7.062577,3.483824
6.961710,3.479909
6.860762,3.474630
6.759752,3.468027
6.658703,3.460137
6.557636,3.450997
6.456572,3.440645
6.355532,3.429119
6.254538,3.416456
6.153612,3.402695
6.052774,3.387872
5.952045,3.372026
5.851448,3.355194
5.751004,3.337414
5.650733,3.318723
5.550658,3.299160
5.450799,3.278761
5.351177,3.257565
5.251815,3.235609
5.152734,3.212931
5.053954,3.189569
4.955498,3.165560
4.857386,3.140942
4.759640,3.115753
4.662281,3.090030
4.565330,3.063811
4.468809,3.037133
4.372740,3.010035
4.277136,2.982541
4.181988,2.954621
4.087277,2.926230
3.992984,2.897325
3.899093,2.867860
3.805584,2.837793
3.712441,2.807079
3.619645,2.775673
3.527178,2.743531
3.435022,2.710610
3.343159,2.676865
3.251571,2.642251
3.160241,2.606725
3.069149,2.570242
2.978279,2.532759
2.887612,2.494230
2.797130,2.454612
2.706816,2.413861
2.616651,2.371932
2.526617,2.328782
2.436696,2.284365
2.346871,2.238638
2.257123,2.191556
2.167434,2.143076
2.077876,2.093110
1.988838,2.041416
1.900785,1.987715
1.814179,1.931731
1.729483,1.873185
1.647161,1.811801
1.567676,1.747299
1.491492,1.679403
1.419070,1.607835
1.350876,1.532318
1.287371,1.452572
1.229018,1.368323
1.176276,1.279603
1.129587,1.187168
1.089390,1.091879
1.056128,0.994596
1.030239,0.896181
1.012165,0.797493
1.002346,0.699392
1.001222,0.602740
1.009235,0.508397
1.026825,0.417223
1.054432,0.330079
1.092496,0.247825
