x_m,y_m,v_mps
0.7985,-0.0845,5.432
0.8730,-0.1514,5.237
0.9580,-0.2041,5.192
1.0500,-0.2436,5.102
1.1462,-0.2714,5.020
1.2444,-0.2905,4.960
1.3440,-0.3010,4.748
1.4441,-0.3006,4.527
1.5436,-0.2896,4.398
1.6419,-0.2707,4.406
1.7390,-0.2464,4.462
1.8349,-0.2178,4.536
1.9298,-0.1859,4.620
2.0237,-0.1513,4.717
2.1168,-0.1144,4.819
2.2091,-0.0759,4.932
2.3010,-0.0360,5.047
2.3923,0.0050,5.169
2.4833,0.0467,5.297
2.5740,0.0890,5.433
2.6645,0.1317,5.572
2.7549,0.1747,5.712
2.8452,0.2179,5.851
2.9355,0.2610,5.990
3.0258,0.3042,6.115
3.1161,0.3475,6.255
3.2064,0.3907,6.391
3.2966,0.4340,6.513
3.3868,0.4774,6.650
3.4770,0.5209,6.782
3.5671,0.5645,6.912
3.6570,0.6084,7.038
3.7467,0.6528,7.155
3.8363,0.6974,7.276
3.9258,0.7423,7.394
4.0151,0.7876,7.506
4.1041,0.8334,7.615
4.1929,0.8796,7.721
4.2814,0.9263,7.827
4.3697,0.9735,7.859
4.4577,1.0211,7.720
4.5457,1.0689,7.581
4.6333,1.1172,7.436
4.7209,1.1656,7.289
4.8085,1.2141,7.138
4.8961,1.2626,6.985
4.9837,1.3110,6.830
5.0714,1.3594,6.672
5.1591,1.4075,6.513
5.2471,1.4552,6.351
5.3353,1.5026,6.187
5.4238,1.5493,6.028
5.5128,1.5950,5.856
5.6022,1.6402,5.689
5.6921,1.6843,5.519
5.7825,1.7271,5.346
5.8736,1.7686,5.175
5.9655,1.8083,5.003
6.0582,1.8462,4.829
6.1517,1.8817,4.655
6.2462,1.9147,4.481
6.3417,1.9448,4.307
6.4382,1.9714,4.141
6.5357,1.9939,3.972
6.6342,2.0119,3.792
6.7334,2.0249,3.613
6.8333,2.0323,3.439
6.9334,2.0330,3.267
7.0332,2.0261,3.095
7.1321,2.0105,2.942
7.2289,1.9851,2.812
7.3222,1.9487,2.718
7.4100,1.9007,2.617
7.4904,1.8411,2.610
7.5615,1.7706,2.608
7.6220,1.6909,2.673
7.6716,1.6040,2.768
7.7108,1.5119,2.893
7.7401,1.4161,2.871
7.7587,1.3178,2.746
7.7655,1.2179,2.667
7.7591,1.1180,2.647
7.7394,1.0199,2.634
7.7078,0.9249,2.745
7.6661,0.8339,2.881
7.6164,0.7470,3.040
7.5604,0.6640,3.207
7.4994,0.5846,3.376
7.4343,0.5086,3.537
7.3658,0.4356,3.688
7.2945,0.3654,3.836
7.2207,0.2978,3.973
7.1448,0.2324,4.103
7.0673,0.1692,4.225
6.9881,0.1079,4.338
6.9077,0.0483,4.447
6.8262,-0.0097,4.549
6.7437,-0.0664,4.645
6.6604,-0.1219,4.736
6.5764,-0.1764,4.824
6.4919,-0.2301,4.908
6.4071,-0.2832,4.986
6.3218,-0.3357,5.062
6.2365,-0.3880,5.139
6.1511,-0.4403,5.159
6.0659,-0.4927,4.955
5.9809,-0.5456,4.743
5.8963,-0.5991,4.522
5.8122,-0.6534,4.309
5.7290,-0.7090,4.103
5.6467,-0.7661,3.907
5.5657,-0.8249,3.726
5.4861,-0.8856,3.563
5.4083,-0.9485,3.421
5.3326,-1.0140,3.293
5.2592,-1.0821,3.187
5.1885,-1.1530,3.092
5.1208,-1.2267,3.042
5.0565,-1.3034,2.973
4.9958,-1.3829,2.985
4.9389,-1.4653,2.991
4.8861,-1.5503,3.012
4.8375,-1.6379,3.046
4.7932,-1.7276,3.081
4.7533,-1.8194,3.119
4.7177,-1.9130,3.223
4.6865,-2.0081,3.302
4.6597,-2.1045,3.371
4.6372,-2.2021,3.474
4.6188,-2.3005,3.567
4.6045,-2.3995,3.672
4.5941,-2.4991,3.778
4.5876,-2.5990,3.877
4.5849,-2.6990,3.972
4.5858,-2.7991,4.088
4.5902,-2.8991,4.200
4.5979,-2.9989,4.316
4.6087,-3.0984,4.431
4.6228,-3.1975,4.540
4.6397,-3.2962,4.664
4.6593,-3.3943,4.800
4.6816,-3.4919,4.931
4.7062,-3.5890,5.068
4.7332,-3.6854,5.205
4.7621,-3.7812,5.358
4.7929,-3.8764,5.514
4.8253,-3.9711,5.669
4.8592,-4.0653,5.828
4.8944,-4.1590,5.983
4.9307,-4.2523,6.133
4.9679,-4.3452,6.279
5.0059,-4.4378,6.422
5.0445,-4.5302,6.560
5.0837,-4.6223,6.695
5.1231,-4.7143,6.827
5.1629,-4.8062,6.956
5.2027,-4.8980,7.082
5.2427,-4.9897,7.205
5.2827,-5.0815,7.326
5.3227,-5.1732,7.445
5.3627,-5.2650,7.561
5.4028,-5.3567,7.675
5.4429,-5.4484,7.786
5.4831,-5.5401,7.896
5.5235,-5.6317,8.004
5.5642,-5.7231,8.110
5.6054,-5.8144,8.082
5.6469,-5.9054,7.987
5.6892,-5.9962,7.901
5.7323,-6.0865,7.810
5.7763,-6.1764,7.719
5.8213,-6.2658,7.647
5.8676,-6.3546,7.568
5.9151,-6.4427,7.498
5.9641,-6.5300,7.431
6.0145,-6.6165,7.387
6.0666,-6.7020,7.325
6.1203,-6.7864,7.267
6.1757,-6.8698,7.210
6.2327,-6.9520,7.166
6.2916,-7.0330,7.157
6.3523,-7.1126,7.107
6.4148,-7.1908,7.069
6.4790,-7.2676,7.048
6.5450,-7.3428,7.002
6.6128,-7.4165,6.957
6.6822,-7.4886,6.924
6.7534,-7.5590,6.868
6.8262,-7.6277,6.798
6.9006,-7.6946,6.711
6.9767,-7.7597,6.614
7.0542,-7.8229,6.536
7.1334,-7.8842,6.435
7.2140,-7.9435,6.356
7.2962,-8.0006,6.245
7.3799,-8.0556,6.136
7.4649,-8.1085,6.059
7.5514,-8.1588,5.959
7.6392,-8.2068,5.862
7.7284,-8.2522,5.773
7.8189,-8.2950,5.687
7.9107,-8.3349,5.641
8.0037,-8.3719,5.547
8.0978,-8.4060,5.528
8.1930,-8.4369,5.480
8.2892,-8.4647,5.460
8.3863,-8.4892,5.453
8.4841,-8.5103,5.442
8.5826,-8.5283,5.431
8.6816,-8.5429,5.436
8.7811,-8.5543,5.493
8.8808,-8.5625,5.562
8.9808,-8.5677,5.624
9.0808,-8.5699,5.708
9.1809,-8.5693,5.802
9.2810,-8.5661,5.909
9.3809,-8.5604,6.034
9.4807,-8.5524,6.153
9.5803,-8.5422,6.295
9.6796,-8.5300,6.437
9.7788,-8.5161,6.575
9.8776,-8.5005,6.710
9.9763,-8.4834,6.842
10.0746,-8.4649,6.970
10.1728,-8.4454,7.096
10.2708,-8.4248,7.219
10.3685,-8.4032,7.339
10.4661,-8.3809,7.458
10.5635,-8.3579,7.573
10.6608,-8.3344,7.687
10.7580,-8.3103,7.799
10.8550,-8.2859,7.908
10.9520,-8.2611,8.016
11.0489,-8.2361,8.121
11.1458,-8.2108,8.225
11.2426,-8.1854,8.327
11.3393,-8.1597,8.428
11.4361,-8.1340,8.527
11.5328,-8.1081,8.625
11.6294,-8.0821,8.721
11.7261,-8.0560,8.815
11.8227,-8.0299,8.908
11.9193,-8.0037,9.000
12.0159,-7.9774,9.091
12.1124,-7.9510,9.180
12.2090,-7.9245,9.268
12.3055,-7.8980,9.355
12.4019,-7.8712,9.441
12.4984,-7.8445,9.526
12.5948,-7.8176,9.609
12.6912,-7.7906,9.692
12.7875,-7.7634,9.773
12.8839,-7.7362,9.854
12.9801,-7.7088,9.933
13.0764,-7.6812,10.012
13.1725,-7.6534,10.090
13.2686,-7.6255,10.166
13.3647,-7.5973,10.242
13.4607,-7.5690,10.317
13.5566,-7.5404,10.392
13.6525,-7.5116,10.465
13.7483,-7.4827,10.538
13.8440,-7.4533,10.609
13.9397,-7.4239,10.680
14.0352,-7.3941,10.751
14.1307,-7.3641,10.820
14.2261,-7.3338,10.889
14.3214,-7.3032,10.957
14.4166,-7.2722,11.024
14.5117,-7.2410,11.091
14.6067,-7.2094,11.157
14.7015,-7.1774,11.223
14.7963,-7.1450,11.224
14.8908,-7.1121,11.114
14.9852,-7.0789,11.003
15.0794,-7.0450,10.892
15.1734,-7.0107,10.780
15.2673,-6.9758,10.667
15.3608,-6.9403,10.553
15.4541,-6.9040,10.439
15.5472,-6.8671,10.324
15.6399,-6.8294,10.207
15.7323,-6.7910,10.091
15.8244,-6.7516,9.973
15.9161,-6.7115,9.854
16.0073,-6.6704,9.734
16.0981,-6.6283,9.614
16.1885,-6.5853,9.492
16.2784,-6.5411,9.369
16.3677,-6.4959,9.245
16.4564,-6.4497,9.120
16.5446,-6.4022,8.994
16.6321,-6.3536,8.866
16.7190,-6.3039,8.737
16.8051,-6.2529,8.607
16.8905,-6.2006,8.475
16.9751,-6.1472,8.342
17.0588,-6.0923,8.207
17.1417,-6.0362,8.070
17.2236,-5.9786,7.931
17.3045,-5.9197,7.791
17.3844,-5.8594,7.649
17.4631,-5.7976,7.504
17.5408,-5.7344,7.357
17.6172,-5.6697,7.208
17.6923,-5.6035,7.056
17.7659,-5.5357,6.902
17.8381,-5.4664,6.760
17.9088,-5.3956,6.649
17.9779,-5.3231,6.493
18.0451,-5.2490,6.387
18.1106,-5.1733,6.315
18.1741,-5.0959,6.234
18.2356,-5.0169,6.132
18.2951,-4.9364,6.100
18.3523,-4.8543,6.045
18.4072,-4.7706,5.984
18.4598,-4.6854,5.968
18.5099,-4.5988,5.948
18.5575,-4.5107,5.881
18.6027,-4.4214,5.877
18.6451,-4.3307,5.890
18.6850,-4.2389,5.976
18.7225,-4.1461,6.044
18.7572,-4.0522,6.080
18.7895,-3.9575,6.193
18.8191,-3.8619,6.272
18.8462,-3.7655,6.385
18.8709,-3.6685,6.524
18.8931,-3.5709,6.660
18.9129,-3.4728,6.793
18.9303,-3.3742,6.923
18.9453,-3.2752,7.050
18.9582,-3.1760,7.174
18.9688,-3.0764,7.295
18.9773,-2.9767,7.414
18.9836,-2.8768,7.531
18.9878,-2.7768,7.645
18.9901,-2.6767,7.757
18.9905,-2.5766,7.868
18.9889,-2.4765,7.976
18.9856,-2.3765,8.082
18.9805,-2.2765,8.187
18.9737,-2.1767,8.290
18.9653,-2.0769,8.391
18.9553,-1.9773,8.491
18.9439,-1.8779,8.589
18.9309,-1.7786,8.685
18.9165,-1.6796,8.780
18.9008,-1.5807,8.874
18.8838,-1.4821,8.966
18.8655,-1.3837,9.057
18.8460,-1.2855,9.147
18.8254,-1.1875,9.236
18.8035,-1.0899,9.323
18.7806,-0.9924,9.409
18.7565,-0.8953,9.494
18.7314,-0.7984,9.578
18.7051,-0.7018,9.661
18.6779,-0.6055,9.743
18.6495,-0.5095,9.824
18.6201,-0.4138,9.904
18.5897,-0.3184,9.983
18.5583,-0.2234,10.061
18.5256,-0.1288,10.138
18.4920,-0.0345,10.214
18.4573,0.0594,10.290
18.4218,0.1530,10.364
18.3851,0.2461,10.438
18.3474,0.3388,10.511
18.3087,0.4312,10.583
18.2689,0.5230,10.654
18.2284,0.6146,10.725
18.1870,0.7057,10.794
18.1446,0.7964,10.864
18.1015,0.8867,10.932
18.0576,0.9767,11.000
18.0132,1.0664,11.067
17.9682,1.1558,11.133
17.9227,1.2449,11.199
17.8767,1.3338,11.264
17.8306,1.4227,11.328
17.7840,1.5112,11.392
17.7369,1.5996,11.455
17.6898,1.6879,11.517
17.6424,1.7761,11.579
17.5950,1.8642,11.641
17.5474,1.9523,11.702
17.4996,2.0402,11.762
17.4516,2.1281,11.822
17.4034,2.2158,11.881
17.3550,2.3034,11.939
17.3062,2.3908,11.998
17.2564,2.4776,12.055
17.2067,2.5645,12.112
17.1566,2.6512,12.169
17.1058,2.7374,12.079
17.0544,2.8233,11.974
17.0024,2.9088,11.868
16.9497,2.9939,11.761
16.8962,3.0785,11.654
16.8420,3.1627,11.546
16.7871,3.2464,11.438
16.7313,3.3295,11.329
16.6749,3.4122,11.220
16.6177,3.4943,11.109
16.5596,3.5759,10.999
16.5009,3.6569,10.887
16.4414,3.7374,10.775
16.3811,3.8173,10.662
16.3200,3.8966,10.548
16.2580,3.9752,10.434
16.1953,4.0533,10.319
16.1319,4.1306,10.203
16.0674,4.2073,10.086
16.0020,4.2830,9.968
15.9357,4.3580,9.849
15.8684,4.4321,9.730
15.8002,4.5053,9.609
15.7309,4.5776,9.487
15.6607,4.6489,9.364
15.5894,4.7192,9.240
15.5172,4.7885,9.115
15.4440,4.8568,8.989
15.3699,4.9241,8.861
15.2948,4.9902,8.732
15.2187,5.0553,8.602
15.1418,5.1194,8.470
15.0641,5.1825,8.336
14.9855,5.2444,8.201
14.9060,5.3053,8.064
14.8258,5.3651,7.926
14.7446,5.4236,7.785
14.6624,5.4808,7.643
14.5794,5.5367,7.498
14.4953,5.5910,7.351
14.4099,5.6433,7.202
14.3233,5.6934,7.050
14.2351,5.7408,6.896
14.1453,5.7850,6.738
14.0537,5.8255,6.578
13.9602,5.8611,6.414
13.8647,5.8910,6.246
13.7672,5.9138,6.075
13.6681,5.9281,5.899
13.5681,5.9319,5.719
13.4683,5.9238,5.533
13.3706,5.9021,5.342
13.2773,5.8659,5.145
13.1908,5.8155,4.940
13.1135,5.7520,4.728
13.0465,5.6776,4.507
12.9904,5.5947,4.289
12.9447,5.5056,4.157
12.9083,5.4124,4.078
12.8804,5.3163,4.053
12.8596,5.2183,4.068
12.8451,5.1193,4.114
12.8361,5.0196,4.183
12.8316,4.9196,4.269
12.8312,4.8195,4.381
12.8346,4.7195,4.453
12.8412,4.6196,4.578
12.8508,4.5200,4.718
12.8631,4.4206,4.857
12.8779,4.3216,5.010
12.8951,4.2230,5.164
12.9144,4.1248,5.321
12.9357,4.0270,5.482
12.9589,3.9296,5.648
12.9837,3.8327,5.808
13.0101,3.7361,5.963
13.0378,3.6399,6.114
13.0666,3.5440,6.261
13.0967,3.4486,6.403
13.1274,3.3533,6.542
13.1590,3.2583,6.678
13.1917,3.1637,6.810
13.2246,3.0692,6.940
13.2579,2.9748,7.066
13.2916,2.8805,7.190
13.3254,2.7863,7.311
13.3597,2.6923,7.430
13.3942,2.5983,7.546
13.4290,2.5045,7.660
13.4638,2.4106,7.772
13.4987,2.3168,7.882
13.5337,2.2230,7.990
13.5688,2.1293,8.096
13.6042,2.0356,8.201
13.6396,1.9420,8.303
13.6752,1.8485,8.404
13.7109,1.7550,8.504
13.7468,1.6615,8.601
13.7828,1.5681,8.698
13.8192,1.4749,8.793
13.8558,1.3817,8.886
13.8926,1.2886,8.978
13.9298,1.1957,9.069
13.9672,1.1029,9.159
14.0052,1.0102,9.247
14.0434,0.9177,9.294
14.0817,0.8253,9.169
14.1205,0.7330,9.043
14.1593,0.6407,8.916
14.1984,0.5485,8.788
14.2375,0.4564,8.658
14.2766,0.3643,8.527
14.3156,0.2721,8.394
14.3543,0.1798,8.260
14.3927,0.0873,8.124
14.4306,-0.0053,7.986
14.4676,-0.0983,7.846
14.5037,-0.1917,7.704
14.5387,-0.2855,7.561
14.5724,-0.3797,7.415
14.6045,-0.4745,7.267
14.6347,-0.5699,7.116
14.6630,-0.6660,6.963
14.6888,-0.7627,6.807
14.7119,-0.8601,6.647
14.7326,-0.9580,6.485
14.7501,-1.0566,6.319
14.7643,-1.1557,6.149
14.7750,-1.2552,5.997
14.7817,-1.3550,5.820
14.7845,-1.4551,5.637
14.7832,-1.5552,5.479
14.7775,-1.6551,5.326
14.7672,-1.7547,5.217
14.7523,-1.8537,5.079
14.7328,-1.9518,4.965
14.7084,-2.0489,4.843
14.6792,-2.1447,4.772
14.6452,-2.2388,4.718
14.6065,-2.3311,4.643
14.5631,-2.4213,4.562
14.5150,-2.5091,4.507
14.4623,-2.5942,4.472
14.4052,-2.6764,4.415
14.3438,-2.7555,4.373
14.2782,-2.8311,4.302
14.2085,-2.9029,4.257
14.1348,-2.9707,4.203
14.0573,-3.0341,4.150
13.9763,-3.0927,4.099
13.8917,-3.1464,4.051
13.8040,-3.1946,3.994
13.7135,-3.2372,3.989
13.6203,-3.2738,3.985
13.5249,-3.3042,3.989
13.4277,-3.3282,3.954
13.3292,-3.3459,3.962
13.2297,-3.3568,3.973
13.1297,-3.3613,4.036
13.0296,-3.3593,4.041
12.9299,-3.3507,4.055
12.8309,-3.3359,4.134
12.7331,-3.3149,4.201
12.6366,-3.2880,4.261
12.5420,-3.2553,4.325
12.4495,-3.2170,4.355
12.3593,-3.1736,4.460
12.2716,-3.1254,4.572
12.1867,-3.0725,4.649
12.1045,-3.0153,4.768
12.0251,-2.9543,4.900
11.9487,-2.8897,5.029
11.8752,-2.8217,5.168
11.8046,-2.7507,5.311
11.7369,-2.6770,5.468
11.6720,-2.6008,5.624
11.6099,-2.5223,5.785
11.5504,-2.4418,5.941
11.4935,-2.3595,6.092
11.4391,-2.2754,6.240
11.3872,-2.1899,6.383
11.3374,-2.1030,6.522
11.2899,-2.0149,6.658
11.2444,-1.9258,6.791
11.2008,-1.8357,6.921
11.1590,-1.7447,7.048
11.1188,-1.6530,7.172
11.0801,-1.5607,7.293
11.0427,-1.4679,7.412
11.0064,-1.3746,7.529
10.9712,-1.2809,7.643
10.9370,-1.1868,7.756
10.9035,-1.0925,7.866
10.8706,-0.9979,7.974
10.8382,-0.9032,8.081
10.8062,-0.8084,8.185
10.7745,-0.7134,8.288
10.7430,-0.6185,8.389
10.7115,-0.5234,8.489
10.6801,-0.4284,8.587
10.6485,-0.3334,8.684
10.6170,-0.2384,8.779
10.5852,-0.1435,8.873
10.5533,-0.0486,8.965
10.5211,0.0462,9.056
10.4887,0.1409,9.146
10.4560,0.2355,9.234
10.4229,0.3300,9.322
10.3897,0.4244,9.408
10.3560,0.5186,9.493
10.3218,0.6127,9.441
10.2873,0.7067,9.317
10.2522,0.8004,9.193
10.2166,0.8940,9.067
10.1803,0.9873,8.940
10.1434,1.0803,8.812
10.1057,1.1730,8.683
10.0671,1.2654,8.552
10.0276,1.3573,8.419
9.9869,1.4488,8.285
9.9451,1.5398,8.149
9.9020,1.6301,8.012
9.8575,1.7198,7.873
9.8116,1.8087,7.731
9.7641,1.8968,7.588
9.7148,1.9839,7.443
9.6637,2.0700,7.295
9.6109,2.1550,7.145
9.5561,2.2388,6.992
9.4993,2.3212,6.836
9.4404,2.4022,6.678
9.3795,2.4816,6.516
9.3163,2.5592,6.351
9.2509,2.6350,6.182
9.1834,2.7089,6.009
9.1137,2.7807,5.831
9.0416,2.8502,5.649
8.9674,2.9174,5.462
8.8910,2.9820,5.280
8.8124,3.0440,5.107
8.7317,3.1033,4.997
8.6490,3.1596,4.913
8.5643,3.2129,4.835
8.4777,3.2631,4.783
8.3894,3.3102,4.740
8.2994,3.3541,4.727
8.2079,3.3947,4.734
8.1150,3.4320,4.796
8.0209,3.4661,4.876
7.9256,3.4969,4.976
7.8295,3.5246,5.111
7.7324,3.5492,5.247
7.6347,3.5707,5.418
7.5363,3.5893,5.586
7.4375,3.6050,5.748
7.3382,3.6181,5.906
7.2387,3.6284,6.058
7.1389,3.6361,6.206
7.0389,3.6413,6.350
6.9388,3.6443,6.491
6.8388,3.6448,6.627
6.7387,3.6432,6.761
6.6386,3.6394,6.891
6.5387,3.6335,7.019
6.4389,3.6256,7.143
6.3393,3.6158,7.266
6.2399,3.6042,7.385
6.1407,3.5908,7.502
6.0418,3.5757,7.617
5.9431,3.5589,7.730
5.8447,3.5405,7.841
5.7466,3.5207,7.950
5.6488,3.4994,8.056
5.5513,3.4765,8.161
5.4541,3.4525,8.265
5.3573,3.4271,8.366
5.2608,3.4005,8.466
5.1646,3.3728,8.565
5.0688,3.3440,8.662
4.9732,3.3142,8.757
4.8780,3.2834,8.851
4.7830,3.2517,8.944
4.6884,3.2191,9.035
4.5940,3.1857,9.125
4.4999,3.1516,9.214
4.4061,3.1167,9.302
4.3126,3.0808,9.388
4.2193,3.0446,9.474
4.1263,3.0077,9.558
4.0334,2.9703,9.641
3.9408,2.9323,9.723
3.8485,2.8937,9.804
3.7564,2.8545,9.885
3.6645,2.8147,9.964
3.5729,2.7743,10.042
3.4816,2.7333,10.119
3.3906,2.6917,10.196
3.3000,2.6492,10.271
3.2097,2.6060,10.346
3.1196,2.5624,10.420
3.0299,2.5180,10.493
2.9405,2.4728,10.565
2.8516,2.4270,10.637
2.7630,2.3804,10.532
2.6748,2.3330,10.417
2.5869,2.2850,10.302
2.4995,2.2362,10.186
2.4126,2.1866,10.069
2.3261,2.1362,9.951
2.2401,2.0851,9.832
2.1546,2.0331,9.712
2.0696,1.9802,9.591
1.9852,1.9264,9.469
1.9013,1.8717,9.346
1.8183,1.8158,9.222
1.7360,1.7588,9.097
1.6545,1.7007,8.970
1.5741,1.6411,8.842
1.4946,1.5803,8.713
1.4163,1.5179,8.582
1.3395,1.4537,8.450
1.2644,1.3876,8.316
1.1910,1.3194,8.181
1.1198,1.2491,8.044
1.0510,1.1764,7.905
0.9849,1.1012,7.764
0.9221,1.0233,7.622
0.8632,0.9423,7.477
0.8089,0.8582,7.329
0.7606,0.7706,7.180
0.7203,0.6789,7.028
0.6902,0.5835,6.873
0.6712,0.4852,6.715
0.6633,0.3854,6.554
0.6655,0.2853,6.389
0.6766,0.1859,6.221
0.7003,0.0886,6.049
0.7401,-0.0032,5.873
