# x_m, y_m, w_tr_right_m, w_tr_left_m
-2.565269, 1.384617, 0.696419, 0.696419
-2.541169, 1.330684, 0.680074, 0.680074
-2.523320, 1.269978, 0.694622, 0.694622
-2.511551, 1.205279, 0.670820, 0.670820
-2.511551, 1.128811, 0.632456, 0.632456
-2.504408, 1.049384, 0.618466, 0.618466
-2.497265, 0.969957, 0.602080, 0.602080
-2.490122, 0.890530, 0.600000, 0.600000
-2.481482, 0.811723, 0.583095, 0.583095
-2.471360, 0.733531, 0.550000, 0.550000
-2.464217, 0.654104, 0.552268, 0.552268
-2.457074, 0.574677, 0.552268, 0.552268
-2.449932, 0.495250, 0.550000, 0.550000
-2.437128, 0.418168, 0.522015, 0.522015
-2.416003, 0.344533, 0.559017, 0.559017
-2.393103, 0.271633, 0.538516, 0.538516
-2.367526, 0.199842, 0.570088, 0.570088
-2.333628, 0.131497, 0.559017, 0.559017
-2.289315, 0.071651, 0.570088, 0.570088
-2.235589, 0.017887, 0.604152, 0.604152
-2.178200, -0.032359, 0.680074, 0.680074
-2.120811, -0.082605, 0.715891, 0.715891
-2.058372, -0.114229, 0.715891, 0.715891
-1.994979, -0.131510, 0.743303, 0.743303
-1.928355, -0.139946, 0.715891, 0.715891
-1.863119, -0.138491, 0.707107, 0.707107
-1.795527, -0.131348, 0.701783, 0.701783
-1.725488, -0.118298, 0.650000, 0.650000
-1.652002, -0.096927, 0.650000, 0.650000
-1.575069, -0.083764, 0.650000, 0.650000
-1.495642, -0.076621, 0.650000, 0.650000
-1.415999, -0.070000, 0.602080, 0.602080
-1.333614, -0.070000, 0.608276, 0.608276
-1.251228, -0.070000, 0.632456, 0.632456
-1.169191, -0.069160, 0.608276, 0.608276
-1.089764, -0.062017, 0.602080, 0.602080
-1.010337, -0.054874, 0.570088, 0.570088
-0.930910, -0.047732, 0.559017, 0.559017
-0.852201, -0.038857, 0.550000, 0.550000
-0.775733, -0.024571, 0.550000, 0.550000
-0.699264, -0.010285, 0.600000, 0.600000
-0.622448, 0.003160, 0.600000, 0.600000
-0.543022, 0.010303, 0.600000, 0.600000
-0.463595, 0.017446, 0.600000, 0.600000
-0.384168, 0.024589, 0.600000, 0.600000
-0.304024, 0.030000, 0.650000, 0.650000
-0.223961, 0.035608, 0.650000, 0.650000
-0.144534, 0.042751, 0.650000, 0.650000
-0.065108, 0.049894, 0.650000, 0.650000
0.014319, 0.057037, 0.650000, 0.650000
0.093746, 0.064180, 0.650000, 0.650000
0.173173, 0.071322, 0.650000, 0.650000
0.252600, 0.078465, 0.650000, 0.650000
0.334349, 0.080000, 0.700000, 0.700000
0.416735, 0.080000, 0.700000, 0.700000
0.496162, 0.072857, 0.657647, 0.657647
0.575589, 0.065714, 0.680074, 0.680074
0.652072, 0.051466, 0.696419, 0.696419
0.727201, 0.033947, 0.728011, 0.728011
0.800711, 0.012518, 0.696419, 0.696419
0.871037, -0.016595, 0.738241, 0.738241
0.937916, -0.054030, 0.715891, 0.715891
1.004307, -0.092645, 0.694622, 0.694622
1.067251, -0.139581, 0.680074, 0.680074
1.129690, -0.187735, 0.694622, 0.694622
1.190038, -0.240940, 0.680074, 0.680074
1.248083, -0.298754, 0.672681, 0.672681
1.301287, -0.359101, 0.672681, 0.672681
1.349566, -0.421489, 0.640312, 0.640312
1.396666, -0.484365, 0.651920, 0.651920
1.439769, -0.548897, 0.670820, 0.670820
1.482872, -0.613428, 0.672681, 0.672681
1.525975, -0.677960, 0.651920, 0.651920
1.564502, -0.744387, 0.626498, 0.626498
1.607605, -0.808919, 0.650000, 0.650000
1.650583, -0.873502, 0.650000, 0.650000
1.693440, -0.938136, 0.670820, 0.670820
1.736543, -1.002667, 0.680074, 0.680074
1.774595, -1.069291, 0.694622, 0.694622
1.810768, -1.136693, 0.636396, 0.636396
1.843770, -1.205409, 0.640312, 0.640312
1.875492, -1.274655, 0.626498, 0.626498
1.903943, -1.345256, 0.604152, 0.604152
1.932514, -1.415806, 0.632456, 0.632456
1.960465, -1.486614, 0.604152, 0.604152
1.988336, -1.557455, 0.632456, 0.632456
2.013116, -1.629577, 0.608276, 0.608276
2.047994, -1.693762, 0.651920, 0.651920
2.087598, -1.749096, 0.700000, 0.700000
2.136478, -1.798682, 0.750000, 0.750000
2.189519, -1.840579, 0.800000, 0.800000
2.250226, -1.871971, 0.756637, 0.756637
2.316704, -1.886144, 0.751665, 0.751665
2.389604, -1.894759, 0.750000, 0.750000
2.463114, -1.901902, 0.750000, 0.750000
2.534874, -1.904822, 0.728011, 0.728011
2.607920, -1.898800, 0.715891, 0.715891
2.681429, -1.891657, 0.701783, 0.701783
2.755093, -1.884886, 0.700000, 0.700000
2.831561, -1.884886, 0.700000, 0.700000
2.910026, -1.880064, 0.700000, 0.700000
2.989453, -1.872921, 0.696419, 0.696419
3.068629, -1.865173, 0.696419, 0.696419
3.148056, -1.858030, 0.667083, 0.667083
3.227483, -1.850887, 0.651920, 0.651920
3.306910, -1.843744, 0.650000, 0.650000
3.386060, -1.835933, 0.650000, 0.650000
3.462528, -1.821647, 0.650000, 0.650000
3.538996, -1.807362, 0.608276, 0.608276
3.617464, -1.797903, 0.618466, 0.618466
3.694152, -1.784149, 0.650000, 0.650000
3.770620, -1.769863, 0.618466, 0.618466
3.844598, -1.749566, 0.632456, 0.632456
3.918385, -1.728806, 0.618466, 0.618466
3.992612, -1.709109, 0.650000, 0.650000
4.066121, -1.687681, 0.626498, 0.626498
4.137638, -1.661441, 0.632456, 0.632456
4.210538, -1.638541, 0.618466, 0.618466
4.280211, -1.607850, 0.626498, 0.626498
4.350293, -1.578147, 0.604152, 0.604152
4.418122, -1.543006, 0.632456, 0.632456
4.486838, -1.510004, 0.657647, 0.657647
4.554430, -1.474290, 0.651920, 0.651920
4.621057, -1.436244, 0.680074, 0.680074
4.687680, -1.398192, 0.715891, 0.715891
4.756150, -1.364597, 0.750000, 0.750000
4.823742, -1.328882, 0.694622, 0.694622
4.894056, -1.299738, 0.715891, 0.715891
4.962772, -1.266736, 0.743303, 0.743303
5.033322, -1.238165, 0.715891, 0.715891
5.104128, -1.210208, 0.756637, 0.756637
5.173078, -1.177771, 0.728011, 0.728011
5.243628, -1.149200, 0.750000, 0.750000
5.316286, -1.125714, 0.738241, 0.738241
5.386837, -1.097143, 0.715891, 0.715891
5.460340, -1.075700, 0.728011, 0.728011
5.531891, -1.049543, 0.715891, 0.715891
5.605146, -1.027500, 0.728011, 0.728011
5.679904, -1.009086, 0.715891, 0.715891
5.753414, -0.987657, 0.715891, 0.715891
5.826314, -0.964757, 0.707107, 0.707107
5.899823, -0.943329, 0.715891, 0.715891
5.970374, -0.914757, 0.696419, 0.696419
6.041182, -0.886806, 0.694622, 0.694622
6.111733, -0.858235, 0.680074, 0.680074
6.182541, -0.830284, 0.680074, 0.680074
6.253091, -0.801713, 0.680074, 0.680074
6.323899, -0.773762, 0.670820, 0.670820
6.394450, -0.745191, 0.657647, 0.657647
6.467004, -0.721454, 0.651920, 0.651920
6.537812, -0.693503, 0.650000, 0.650000
6.608362, -0.664932, 0.626498, 0.626498
6.677408, -0.632726, 0.650000, 0.650000
6.747958, -0.604154, 0.650000, 0.650000
6.816755, -0.571348, 0.650000, 0.650000
6.885870, -0.539310, 0.640312, 0.640312
6.954418, -0.505903, 0.626498, 0.626498
7.023455, -0.473676, 0.604152, 0.604152
7.092330, -0.441059, 0.626498, 0.626498
7.160716, -0.407262, 0.626498, 0.626498
7.225655, -0.365143, 0.626498, 0.626498
7.292198, -0.326896, 0.626498, 0.626498
7.356730, -0.283793, 0.626498, 0.626498
7.419337, -0.236044, 0.604152, 0.604152
7.481456, -0.187116, 0.602080, 0.602080
7.541803, -0.133911, 0.585235, 0.585235
7.602151, -0.080707, 0.559017, 0.559017
7.662498, -0.027502, 0.540833, 0.540833
7.720753, 0.030753, 0.531507, 0.531507
7.779009, 0.089009, 0.514782, 0.514782
7.837264, 0.147264, 0.500000, 0.500000
7.890469, 0.207612, 0.494975, 0.494975
7.943673, 0.267959, 0.492443, 0.492443
7.996878, 0.328306, 0.471699, 0.471699
8.050082, 0.388654, 0.460977, 0.460977
8.103287, 0.449001, 0.447214, 0.447214
8.151441, 0.511441, 0.427200, 0.427200
8.199595, 0.573880, 0.403113, 0.403113
8.247748, 0.636320, 0.390512, 0.390512
8.295902, 0.698759, 0.390512, 0.390512
8.341411, 0.762295, 0.403113, 0.403113
8.384514, 0.826826, 0.424264, 0.424264
8.422566, 0.893450, 0.427200, 0.427200
8.462444, 0.959317, 0.403113, 0.403113
8.495446, 1.028033, 0.427200, 0.427200
8.530873, 1.095744, 0.427200, 0.427200
8.563875, 1.164460, 0.403113, 0.403113
8.592446, 1.235011, 0.403113, 0.403113
8.620397, 1.305819, 0.427200, 0.427200
8.648348, 1.376626, 0.412311, 0.412311
8.676919, 1.447177, 0.447214, 0.447214
8.704045, 1.518327, 0.427200, 0.427200
8.725474, 1.591836, 0.452769, 0.452769
8.741007, 1.667788, 0.450000, 0.450000
8.755292, 1.744256, 0.450000, 0.450000
8.768091, 1.821340, 0.447214, 0.447214
8.780952, 1.898399, 0.460977, 0.460977
8.788095, 1.977825, 0.452769, 0.452769
8.795237, 2.057252, 0.450000, 0.450000
8.802380, 2.136679, 0.450000, 0.450000
8.809523, 2.216106, 0.450000, 0.450000
8.816666, 2.295533, 0.450000, 0.450000
8.820000, 2.376537, 0.450000, 0.450000
8.820000, 2.458923, 0.460977, 0.460977
8.820000, 2.541308, 0.492443, 0.492443
8.815874, 2.621984, 0.500000, 0.500000
8.808731, 2.701411, 0.502494, 0.502494
8.801588, 2.780838, 0.522015, 0.522015
8.794445, 2.860265, 0.538516, 0.538516
8.787302, 2.939692, 0.550000, 0.550000
8.787302, 3.016160, 0.550000, 0.550000
8.787302, 3.092628, 0.550000, 0.550000
8.784286, 3.167847, 0.550000, 0.550000
8.784286, 3.244315, 0.550000, 0.550000
8.784286, 3.320783, 0.550000, 0.550000
8.784286, 3.397251, 0.538516, 0.538516
8.784286, 3.473719, 0.522015, 0.522015
8.777143, 3.553146, 0.492443, 0.492443
8.770000, 3.632573, 0.412311, 0.412311
8.762857, 3.712000, 0.403113, 0.403113
8.755714, 3.791427, 0.400000, 0.400000
8.748571, 3.870853, 0.400000, 0.400000
8.741429, 3.950280, 0.412311, 0.412311
8.730150, 4.027994, 0.427200, 0.427200
8.715599, 4.104352, 0.430116, 0.430116
8.692726, 4.177264, 0.460977, 0.460977
8.668674, 4.249686, 0.494975, 0.494975
8.636300, 4.318662, 0.531507, 0.531507
8.595604, 4.384191, 0.570088, 0.570088
8.552747, 4.448824, 0.583095, 0.583095
8.514026, 4.515171, 0.604152, 0.604152
8.481179, 4.581795, 0.650000, 0.650000
8.461194, 4.649985, 0.700000, 0.700000
8.449532, 4.721622, 0.696419, 0.696419
8.446192, 4.796707, 0.667083, 0.667083
8.451174, 4.875239, 0.657647, 0.657647
8.458317, 4.954666, 0.626498, 0.626498
8.465460, 5.034092, 0.585235, 0.585235
8.470000, 5.114597, 0.559017, 0.559017
8.468572, 5.196391, 0.538516, 0.538516
8.461429, 5.275818, 0.522015, 0.522015
8.454286, 5.355245, 0.502494, 0.502494
8.447143, 5.434672, 0.500000, 0.500000
8.437680, 5.513137, 0.502494, 0.502494
8.423394, 5.589606, 0.522015, 0.522015
8.407388, 5.665361, 0.492443, 0.492443
8.384488, 5.738261, 0.538516, 0.538516
8.358980, 5.810081, 0.514782, 0.514782
8.322973, 5.873195, 0.540833, 0.540833
8.276636, 5.928019, 0.531507, 0.531507
8.222369, 5.975699, 0.531507, 0.531507
8.161154, 6.013607, 0.514782, 0.514782
8.089891, 6.040458, 0.538516, 0.538516
8.015180, 6.058987, 0.509902, 0.509902
7.937023, 6.069193, 0.502494, 0.502494
7.857596, 6.076336, 0.500000, 0.500000
7.776728, 6.080000, 0.500000, 0.500000
7.695297, 6.082305, 0.550000, 0.550000
7.615870, 6.089447, 0.552268, 0.552268
7.537149, 6.098295, 0.559017, 0.559017
7.460681, 6.112581, 0.585235, 0.585235
7.384213, 6.126866, 0.604152, 0.604152
7.307745, 6.141152, 0.680074, 0.680074
7.234235, 6.148295, 0.696419, 0.696419
7.159771, 6.153133, 0.738241, 0.738241
7.084130, 6.151136, 0.761577, 0.761577
7.009915, 6.142289, 0.776209, 0.776209
6.934025, 6.126607, 0.761577, 0.761577
6.860516, 6.105178, 0.790569, 0.790569
6.789428, 6.077902, 0.761577, 0.761577
6.715919, 6.056474, 0.790569, 0.790569
6.644583, 6.029798, 0.776209, 0.776209
6.573205, 6.003223, 0.790569, 0.790569
6.501620, 5.977147, 0.782624, 0.782624
6.430491, 5.949972, 0.806226, 0.806226
6.356982, 5.928543, 0.776209, 0.776209
6.284009, 5.905819, 0.790569, 0.790569
6.211927, 5.880943, 0.782624, 0.782624
6.139203, 5.857619, 0.764853, 0.764853
6.066873, 5.833343, 0.776209, 0.776209
5.994397, 5.809419, 0.750000, 0.750000
5.921818, 5.785743, 0.751665, 0.751665
5.851268, 5.757172, 0.715891, 0.715891
5.780533, 5.729045, 0.680074, 0.680074
5.708554, 5.703921, 0.707107, 0.707107
5.635478, 5.681445, 0.715891, 0.715891
5.563748, 5.655721, 0.696419, 0.696419
5.490424, 5.633845, 0.715891, 0.715891
5.418942, 5.607521, 0.715891, 0.715891
5.345432, 5.586093, 0.728011, 0.728011
5.272107, 5.564219, 0.696419, 0.696419
5.198598, 5.542791, 0.728011, 0.728011
5.127613, 5.515267, 0.696419, 0.696419
5.054104, 5.493838, 0.728011, 0.728011
4.981204, 5.470938, 0.696419, 0.696419
4.907694, 5.449510, 0.707107, 0.707107
4.834185, 5.428081, 0.667083, 0.667083
4.757716, 5.413795, 0.696419, 0.696419
4.681248, 5.399510, 0.707107, 0.707107
4.601821, 5.392367, 0.696419, 0.696419
4.524177, 5.380921, 0.680074, 0.680074
4.446914, 5.368554, 0.707107, 0.707107
4.367487, 5.361411, 0.700000, 0.700000
4.288060, 5.354268, 0.700000, 0.700000
4.210785, 5.341930, 0.700000, 0.700000
4.134317, 5.327645, 0.750000, 0.750000
4.059752, 5.308764, 0.750000, 0.750000
3.984760, 5.290915, 0.750000, 0.750000
3.911251, 5.269486, 0.776209, 0.776209
3.837793, 5.247934, 0.790569, 0.790569
3.767242, 5.219362, 0.782624, 0.782624
3.694539, 5.195986, 0.806226, 0.806226
3.623988, 5.167415, 0.790569, 0.790569
3.551534, 5.143438, 0.850000, 0.850000
3.483024, 5.120538, 0.848528, 0.848528
3.431947, 5.095735, 0.854400, 0.854400
3.396357, 5.060847, 0.884590, 0.884590
3.369628, 5.021209, 0.832166, 0.832166
3.354669, 4.969802, 0.806226, 0.806226
3.348520, 4.913768, 0.782624, 0.782624
3.354141, 4.845965, 0.761577, 0.761577
3.366232, 4.768588, 0.715891, 0.715891
3.370000, 4.687763, 0.696419, 0.696419
3.370000, 4.605378, 0.667083, 0.667083
3.370421, 4.523166, 0.651920, 0.651920
3.377564, 4.443740, 0.650000, 0.650000
3.384706, 4.364313, 0.650000, 0.650000
3.391849, 4.284886, 0.632456, 0.632456
3.398992, 4.205459, 0.608276, 0.608276
3.406135, 4.126032, 0.600000, 0.600000
3.420421, 4.049564, 0.600000, 0.600000
3.434286, 3.972922, 0.600000, 0.600000
3.441429, 3.893495, 0.600000, 0.600000
3.454048, 3.816336, 0.602080, 0.602080
3.468333, 3.739868, 0.608276, 0.608276
3.482619, 3.663400, 0.585235, 0.585235
3.500002, 3.588215, 0.604152, 0.604152
3.514288, 3.511747, 0.583095, 0.583095
3.535716, 3.438237, 0.602080, 0.602080
3.557145, 3.364728, 0.559017, 0.559017
3.573097, 3.288950, 0.585235, 0.585235
3.592551, 3.214622, 0.559017, 0.559017
3.613980, 3.141113, 0.538516, 0.538516
3.632311, 3.066321, 0.559017, 0.559017
3.653740, 2.992811, 0.538516, 0.538516
3.671994, 2.917987, 0.559017, 0.559017
3.693422, 2.844477, 0.538516, 0.538516
3.718219, 2.772363, 0.509902, 0.509902
3.746170, 2.701555, 0.552268, 0.552268
3.774742, 2.631004, 0.585235, 0.585235
3.803313, 2.560453, 0.559017, 0.559017
3.831884, 2.489903, 0.583095, 0.583095
3.856488, 2.417708, 0.531507, 0.531507
3.877916, 2.344199, 0.540833, 0.540833
3.895976, 2.269294, 0.492443, 0.492443
3.912857, 2.193901, 0.474342, 0.474342
3.927143, 2.117433, 0.502494, 0.502494
3.941429, 2.040964, 0.500000, 0.500000
3.954303, 1.963912, 0.500000, 0.500000
3.968589, 1.887444, 0.500000, 0.500000
3.982875, 1.810975, 0.550000, 0.550000
3.993808, 1.735896, 0.552268, 0.552268
3.993808, 1.659428, 0.570088, 0.570088
3.991055, 1.584100, 0.585235, 0.585235
3.983912, 1.510590, 0.626498, 0.626498
3.963834, 1.437690, 0.610328, 0.610328
3.933510, 1.368893, 0.672681, 0.672681
3.891415, 1.311865, 0.672681, 0.672681
3.842036, 1.262485, 0.672681, 0.672681
3.786505, 1.218895, 0.680074, 0.680074
3.721957, 1.185933, 0.651920, 0.651920
3.650030, 1.162922, 0.650000, 0.650000
3.573536, 1.148697, 0.632456, 0.632456
3.496966, 1.148449, 0.608276, 0.608276
3.420498, 1.148449, 0.602080, 0.602080
3.345505, 1.157477, 0.600000, 0.600000
3.269037, 1.171762, 0.602080, 0.602080
3.194928, 1.191743, 0.559017, 0.559017
3.122174, 1.214996, 0.570088, 0.570088
3.051623, 1.243567, 0.559017, 0.559017
2.980816, 1.271518, 0.583095, 0.583095
2.913352, 1.307544, 0.565685, 0.565685
2.848219, 1.346213, 0.565685, 0.565685
2.789742, 1.393833, 0.570088, 0.570088
2.738295, 1.446539, 0.583095, 0.583095
2.693100, 1.506020, 0.559017, 0.559017
2.654490, 1.570717, 0.538516, 0.538516
2.621488, 1.639433, 0.559017, 0.559017
2.588487, 1.708149, 0.570088, 0.570088
2.559916, 1.778699, 0.559017, 0.559017
2.531965, 1.849507, 0.585235, 0.585235
2.503393, 1.920058, 0.559017, 0.559017
2.475443, 1.990866, 0.602080, 0.602080
2.446871, 2.061417, 0.583095, 0.583095
2.418920, 2.132225, 0.583095, 0.583095
2.395090, 2.204739, 0.604152, 0.604152
2.373662, 2.278249, 0.618466, 0.618466
2.350762, 2.351149, 0.604152, 0.604152
2.329333, 2.424658, 0.618466, 0.618466
2.306433, 2.497558, 0.604152, 0.604152
2.278812, 2.568503, 0.618466, 0.618466
2.253182, 2.640272, 0.602080, 0.602080
2.231212, 2.713557, 0.608276, 0.608276
2.202641, 2.784108, 0.585235, 0.585235
2.179682, 2.856984, 0.600000, 0.600000
2.151111, 2.927535, 0.550000, 0.550000
2.127552, 3.000162, 0.550000, 0.550000
2.112316, 3.076236, 0.502494, 0.502494
2.097197, 3.152359, 0.522015, 0.522015
2.074297, 3.225259, 0.538516, 0.538516
2.052868, 3.298769, 0.509902, 0.509902
2.030027, 3.371693, 0.522015, 0.522015
2.008598, 3.445203, 0.514782, 0.514782
1.981306, 3.516283, 0.538516, 0.538516
1.945692, 3.583917, 0.538516, 0.538516
1.902589, 3.648448, 0.514782, 0.514782
1.858550, 3.710721, 0.500000, 0.500000
1.810163, 3.768880, 0.494975, 0.494975
1.752087, 3.817467, 0.500000, 0.500000
1.690014, 3.861589, 0.514782, 0.514782
1.622952, 3.898582, 0.538516, 0.538516
1.552443, 3.927254, 0.509902, 0.509902
1.481445, 3.954746, 0.538516, 0.538516
1.407935, 3.976174, 0.509902, 0.509902
1.332943, 3.990122, 0.552268, 0.552268
1.259434, 3.997265, 0.550000, 0.550000
1.183882, 3.999478, 0.550000, 0.550000
1.107414, 3.999478, 0.550000, 0.550000
1.033904, 3.992335, 0.552268, 0.552268
0.957436, 3.978049, 0.522015, 0.522015
0.880968, 3.963764, 0.538516, 0.538516
0.803884, 3.950965, 0.559017, 0.559017
0.727416, 3.936679, 0.570088, 0.570088
0.650948, 3.922394, 0.559017, 0.559017
0.577438, 3.900965, 0.570088, 0.570088
0.500970, 3.886679, 0.604152, 0.604152
0.427460, 3.865251, 0.570088, 0.570088
0.353951, 3.843822, 0.604152, 0.604152
0.283143, 3.815871, 0.570088, 0.570088
0.209634, 3.794443, 0.602080, 0.602080
0.138769, 3.766629, 0.559017, 0.559017
0.065260, 3.745200, 0.585235, 0.585235
-0.007945, 3.723036, 0.559017, 0.559017
-0.081455, 3.701608, 0.604152, 0.604152
-0.152816, 3.674994, 0.570088, 0.570088
-0.226261, 3.653408, 0.585235, 0.585235
-0.299770, 3.631979, 0.602080, 0.602080
-0.372966, 3.609794, 0.600000, 0.600000
-0.446476, 3.588365, 0.604152, 0.604152
-0.517331, 3.560529, 0.570088, 0.570088
-0.590840, 3.539100, 0.600000, 0.600000
-0.666498, 3.522857, 0.552268, 0.552268
-0.740946, 3.503694, 0.570088, 0.570088
-0.814455, 3.482265, 0.585235, 0.585235
-0.890923, 3.467979, 0.583095, 0.583095
-0.966356, 3.451195, 0.604152, 0.604152
-1.042825, 3.436909, 0.618466, 0.618466
-1.118506, 3.420725, 0.626498, 0.626498
-1.192016, 3.399297, 0.632456, 0.632456
-1.267008, 3.381447, 0.618466, 0.618466
-1.340517, 3.360019, 0.632456, 0.632456
-1.411646, 3.332841, 0.650000, 0.650000
-1.483231, 3.306768, 0.650000, 0.650000
-1.554608, 3.280190, 0.657647, 0.657647
-1.625945, 3.253517, 0.632456, 0.632456
-1.699455, 3.232089, 0.667083, 0.667083
-1.772355, 3.209189, 0.632456, 0.632456
-1.845864, 3.187760, 0.650000, 0.650000
-1.918796, 3.164938, 0.618466, 0.618466
-1.992306, 3.143509, 0.650000, 0.650000
-2.067298, 3.125660, 0.618466, 0.618466
-2.140807, 3.104232, 0.650000, 0.650000
-2.211823, 3.076782, 0.626498, 0.626498
-2.282631, 3.048832, 0.670820, 0.670820
-2.353182, 3.020260, 0.651920, 0.651920
-2.423957, 2.992232, 0.680074, 0.680074
-2.491286, 2.955881, 0.694622, 0.694622
-2.555818, 2.912778, 0.680074, 0.680074
-2.619210, 2.866926, 0.670820, 0.670820
-2.681650, 2.818772, 0.680074, 0.680074
-2.736644, 2.763350, 0.672681, 0.672681
-2.781936, 2.701152, 0.670820, 0.670820
-2.818193, 2.633784, 0.640312, 0.640312
-2.846128, 2.562970, 0.626498, 0.626498
-2.865741, 2.488708, 0.604152, 0.604152
-2.877032, 2.410999, 0.570088, 0.570088
-2.880000, 2.329843, 0.552268, 0.552268
-2.877000, 2.248701, 0.550000, 0.550000
-2.869857, 2.169274, 0.550000, 0.550000
-2.862714, 2.089847, 0.550000, 0.550000
-2.855571, 2.010420, 0.552268, 0.552268
-2.848429, 1.930993, 0.550000, 0.550000
-2.839173, 1.852442, 0.522015, 0.522015
-2.821595, 1.777337, 0.552268, 0.552268
-2.798695, 1.704437, 0.538516, 0.538516
-2.769524, 1.638319, 0.570088, 0.570088
-2.731293, 1.577427, 0.538516, 0.538516
-2.681293, 1.528305, 0.570088, 0.570088
-2.638436, 1.482142, 0.618466, 0.618466
-2.597692, 1.435103, 0.657647, 0.657647
